{"northing":397661.052147351,"easting":371410.022806659}